headcount_s,,,,,,,,,,,,,
Symantec survey - May 2014,,,,,,,,,,,,,
,,,,,,,,,,,,,
1. What is your title?,,,,,,,,,,,,,
Value,Count,Percent,,,,,,,,,,,
"Principal (e.g., owner, founder, partner, CEO, president, etc.)",226,100.00%,,,,,,,,,,,
Vice President or Director,0,0.00%,,,,,,,,,,,
Manager,0,0.00%,,,,,,,,,,,
Individual contributor,0,0.00%,,,,,,,,,,,
,,,,,,,,,,,,,
,,,,,,,,,,,,,
,,,,,,,,,,,,,
,,,,,,,,,,,,,
,,,,,,,,,,,,,
2. How many full-time employees does your company have?,,,,,,,,,,,,,
Value,Count,Percent,,,,,,,,,,,
19-Jan,226,100.00%,,,,,,,,,,,
20-99,0,0.00%,,,,,,,,,,,
100-500,0,0.00%,,,,,,,,,,,
More than 500,0,0.00%,,,,,,,,,,,
,,,,,,,,,,,,,
Statistics,,,,,,,,,,,,,
Sum,226,,,,,,,,,,,,
Average,1,,,,,,,,,,,,
Max,1,,,,,,,,,,,,
,,,,,,,,,,,,,
,,,,,,,,,,,,,
,,,,,,,,,,,,,
,,,,,,,,,,,,,
3. What is your gender?,,,,,,,,,,,,,
Value,Count,Percent,,,,,,,,,,,
Male,106,47.30%,,,,,,,,,,,
Female,118,52.70%,,,,,,,,,,,
,,,,,,,,,,,,,
,,,,,,,,,,,,,
,,,,,,,,,,,,,
,,,,,,,,,,,,,
,,,,,,,,,,,,,
4. What is your age?,,,,,,,,,,,,,
Value,Count,Percent,,,,,,,,,,,
Under 18,0,0.00%,,,,,,,,,,,
18-34,16,7.10%,,,,,,,,,,,
35-49,59,26.30%,,,,,,,,,,,
50-64,107,47.80%,,,,,,,,,,,
Over 64,42,18.80%,,,,,,,,,,,
,,,,,,,,,,,,,
Statistics,,,,,,,,,,,,,
Sum,"7,703.00",,,,,,,,,,,,
Average,42.3,,,,,,,,,,,,
StdDev,10.2,,,,,,,,,,,,
Max,50,,,,,,,,,,,,
,,,,,,,,,,,,,
,,,,,,,,,,,,,
,,,,,,,,,,,,,
,,,,,,,,,,,,,
5. In which state is your company headquartered?,,,,,,,,,,,,,
Value,Count,Percent,,,,,,,,,,,
Alabama,2,0.90%,,,,,,,,,,,
Alaska,0,0.00%,,,,,,,,,,,
Arizona,6,2.70%,,,,,,,,,,,
Arkansas,1,0.40%,,,,,,,,,,,
California,29,12.80%,,,,,,,,,,,
Colorado,3,1.30%,,,,,,,,,,,
Connecticut,5,2.20%,,,,,,,,,,,
Delaware,0,0.00%,,,,,,,,,,,
Florida,22,9.70%,,,,,,,,,,,
Georgia,3,1.30%,,,,,,,,,,,
Hawaii,1,0.40%,,,,,,,,,,,
Idaho,4,1.80%,,,,,,,,,,,
Illinois,13,5.80%,,,,,,,,,,,
Indiana,5,2.20%,,,,,,,,,,,
Iowa,1,0.40%,,,,,,,,,,,
Kansas,3,1.30%,,,,,,,,,,,
Kentucky,2,0.90%,,,,,,,,,,,
Louisiana,2,0.90%,,,,,,,,,,,
Maine,0,0.00%,,,,,,,,,,,
Maryland,0,0.00%,,,,,,,,,,,
Massachusetts,4,1.80%,,,,,,,,,,,
Michigan,5,2.20%,,,,,,,,,,,
Minnesota,1,0.40%,,,,,,,,,,,
Mississippi,1,0.40%,,,,,,,,,,,
Missouri,8,3.50%,,,,,,,,,,,
Montana,1,0.40%,,,,,,,,,,,
Nebraska,0,0.00%,,,,,,,,,,,
Nevada,0,0.00%,,,,,,,,,,,
New Hampshire,0,0.00%,,,,,,,,,,,
New Jersey,9,4.00%,,,,,,,,,,,
New Mexico,2,0.90%,,,,,,,,,,,
New York,18,8.00%,,,,,,,,,,,
North Carolina,8,3.50%,,,,,,,,,,,
North Dakota,0,0.00%,,,,,,,,,,,
Ohio,10,4.40%,,,,,,,,,,,
Oklahoma,2,0.90%,,,,,,,,,,,
Oregon,8,3.50%,,,,,,,,,,,
Pennsylvania,12,5.30%,,,,,,,,,,,
Rhode Island,0,0.00%,,,,,,,,,,,
South Carolina,0,0.00%,,,,,,,,,,,
South Dakota,0,0.00%,,,,,,,,,,,
Tennessee,4,1.80%,,,,,,,,,,,
Texas,19,8.40%,,,,,,,,,,,
Utah,1,0.40%,,,,,,,,,,,
Vermont,0,0.00%,,,,,,,,,,,
Virginia,3,1.30%,,,,,,,,,,,
Washington,4,1.80%,,,,,,,,,,,
West Virginia,1,0.40%,,,,,,,,,,,
Wisconsin,1,0.40%,,,,,,,,,,,
Wyoming,1,0.40%,,,,,,,,,,,
District of Columbia,1,0.40%,,,,,,,,,,,
,,,,,,,,,,,,,
,,,,,,,,,,,,,
,,,,,,,,,,,,,
,,,,,,,,,,,,,
,,,,,,,,,,,,,
6. Which best describes your industry?,,,,,,,,,,,,,
Value,Count,Percent,,,,,,,,,,,
Accommodation & food service,4,1.80%,,,,,,,,,,,
"Administrative, support, waste management & remediation service",0,0.00%,,,,,,,,,,,
"Arts, entertainment & recreation",30,13.80%,,,,,,,,,,,
Construction,18,8.30%,,,,,,,,,,,
Educational services,6,2.80%,,,,,,,,,,,
Finance & insurance,3,1.40%,,,,,,,,,,,
Health care & social assistance,4,1.80%,,,,,,,,,,,
Information technology,10,4.60%,,,,,,,,,,,
"Local, state or federal government (any kind)",0,0.00%,,,,,,,,,,,
Management of companies & enterprises,2,0.90%,,,,,,,,,,,
Manufacturing,3,1.40%,,,,,,,,,,,
Mining,0,0.00%,,,,,,,,,,,
Other services (except public administration),34,15.60%,,,,,,,,,,,
Professional services,43,19.70%,,,,,,,,,,,
Scientific & technical services,3,1.40%,,,,,,,,,,,
"Real estate, rental & leasing",14,6.40%,,,,,,,,,,,
Retail trade,31,14.20%,,,,,,,,,,,
Transportation & warehousing,2,0.90%,,,,,,,,,,,
Utilities,3,1.40%,,,,,,,,,,,
Wholesale trade,8,3.70%,,,,,,,,,,,
Not currently working,0,0.00%,,,,,,,,,,,
,,,,,,,,,,,,,
,,,,,,,,,,,,,
,,,,,,,,,,,,,
,,,,,,,,,,,,,
,,,,,,,,,,,,,
7. How long has your company been in business?,,,,,,,,,,,,,
Value,Count,Percent,,,,,,,,,,,
Less than one year,6,2.70%,,,,,,,,,,,
One to five years,54,24.00%,,,,,,,,,,,
Six to 10 years,44,19.60%,,,,,,,,,,,
More than 10 years,121,53.80%,,,,,,,,,,,
,,,,,,,,,,,,,
,,,,,,,,,,,,,
,,,,,,,,,,,,,
,,,,,,,,,,,,,
,,,,,,,,,,,,,
"8. What is your revenue outlook for 2014, compared to 2013?",,,,,,,,,,,,,
Value,Count,Percent,,,,,,,,,,,
Up by 10% or more,70,31.00%,,,,,,,,,,,
"Up, by less than 10%",34,15.00%,,,,,,,,,,,
Same as 2013,86,38.10%,,,,,,,,,,,
"Down, by less than 10%",15,6.60%,,,,,,,,,,,
Down by more than 10%,21,9.30%,,,,,,,,,,,
,,,,,,,,,,,,,
,,,,,,,,,,,,,
,,,,,,,,,,,,,
,,,,,,,,,,,,,
,,,,,,,,,,,,,
"9. Roughly what percent of your work time do you spend conducting business via a smartphone (e.g., an iPhone or Samsung Galaxy) and/or tablet (e.g., an iPad)?",,,,,,,,,,,,,
Value,Count,Percent,,,,,,,,,,,
None,95,42.20%,,,,,,,,,,,
Up to 25%,101,44.90%,,,,,,,,,,,
25% to 49%,17,7.60%,,,,,,,,,,,
50% to 74%,8,3.60%,,,,,,,,,,,
75% to 99%,2,0.90%,,,,,,,,,,,
100% - I only do business on my smartphone and/or tablet,2,0.90%,,,,,,,,,,,
,,,,,,,,,,,,,
Statistics,,,,,,,,,,,,,
Sum,"1,175.00",,,,,,,,,,,,
Average,40.5,,,,,,,,,,,,
StdDev,22.2,,,,,,,,,,,,
Max,100,,,,,,,,,,,,
,,,,,,,,,,,,,
,,,,,,,,,,,,,
,,,,,,,,,,,,,
,,,,,,,,,,,,,
10. Which of the following transactions does your business handle on smartphones and/or tablets? (select all that apply),,,,,,,,,,,,,
Value,Count,Percent,,,,,,,,,,,
Returns / exchanges,8,3.50%,,,,,,,,,,,
Capture customer contact information,64,28.30%,,,,,,,,,,,
Email receipts,59,26.10%,,,,,,,,,,,
Check inventory availability,30,13.30%,,,,,,,,,,,
None of the above,118,52.20%,,,,,,,,,,,
I don’t know,1,0.40%,,,,,,,,,,,
Other (please describe),29,12.80%,,,,,,,,,,,
,,,,,,,,,,,,,
,,,,,,,,,,,,,
,,,,,,,,,,,,,
,,,,,,,,,,,,,
,,,,,,,,,,,,,
"11. On a scale of 1 (not at all important) to 5 (very important), please rate each of these items:",,,,,,,,,,,,,
,1 (not at all important),,2,,3 (somewhat important),,4,,5 (very important),,Responses,,
,%,#,%,#,%,#,%,#,%,#,#,,
Smartphones and tablets for my business,29.30%,66,9.30%,21,23.60%,53,14.70%,33,23.10%,52,225,,
Virus and malware protection for my business,10.80%,24,7.60%,17,17.90%,40,15.70%,35,48.00%,107,223,,
Virus and malware protection for my smartphones and/or tablets,26.90%,60,9.40%,21,16.60%,37,15.20%,34,31.80%,71,223,,
Keeping data safe on smartphones and tablets,26.30%,59,5.40%,12,16.50%,37,15.60%,35,36.20%,81,224,,
Preventing smartphones and tablets from being lost or stolen,26.00%,58,8.10%,18,8.50%,19,14.80%,33,42.60%,95,223,,
Restricting employees' personal use of business smartphones and tablets,50.00%,112,17.00%,38,13.80%,31,8.00%,18,11.20%,25,224,,
Making my team more productive and saving costs by using more smartphones and tablets,40.30%,91,12.40%,28,17.30%,39,15.50%,35,14.60%,33,226,,
The information security policies of a vendor (such as a CPA or payroll service provider) as a factor in choosing / working with that vendor,32.90%,73,10.80%,24,18.00%,40,19.80%,44,18.50%,41,222,,
,,,,,,,,,,,,,
,,,,,,,,,,,,,
,,,,,,,,,,,,,
,,,,,,,,,,,,,
12. Do you provide smartphones or tablets to employees or contractors?,,,,,,,,,,,,,
Value,Count,Percent,,,,,,,,,,,
"Yes, for use during working hours only",16,7.10%,,,,,,,,,,,
"Yes, for employees / contractors to take home (personal use permitted)",25,11.10%,,,,,,,,,,,
No,184,81.80%,,,,,,,,,,,
,,,,,,,,,,,,,
,,,,,,,,,,,,,
,,,,,,,,,,,,,
,,,,,,,,,,,,,
,,,,,,,,,,,,,
13. What kinds of smartphones / tablets do you provide to employees or contractors? (select all that apply),,,,,,,,,,,,,
Value,Count,Percent,,,,,,,,,,,
iOS,15,36.60%,,,,,,,,,,,
Android,24,58.50%,,,,,,,,,,,
Windows,6,14.60%,,,,,,,,,,,
"Other (e.g., BlackBerry)",2,4.90%,,,,,,,,,,,
,,,,,,,,,,,,,
,,,,,,,,,,,,,
,,,,,,,,,,,,,
,,,,,,,,,,,,,
,,,,,,,,,,,,,
"15. On average, how many total devices (i.e., desktop computer / workstation, laptop / portable PC, smartphone, tablet) does each of your employees typically use on a daily basis for work purposes?",,,,,,,,,,,,,
Value,Count,Percent,,,,,,,,,,,
None,41,18.10%,,,,,,,,,,,
One,85,37.60%,,,,,,,,,,,
Two,64,28.30%,,,,,,,,,,,
Three,27,12.00%,,,,,,,,,,,
Four,3,1.30%,,,,,,,,,,,
Five or more,6,2.70%,,,,,,,,,,,
,,,,,,,,,,,,,
,,,,,,,,,,,,,
,,,,,,,,,,,,,
,,,,,,,,,,,,,
,,,,,,,,,,,,,
16. Please answer each of the following questions yes or no:,,,,,,,,,,,,,
,Yes,,No,,Responses,,,,,,,,
,%,#,%,#,#,,,,,,,,
Do you feel that small businesses are more prone / vulnerable to attack from cybercriminals than mid-sized or large businesses are?,24.40%,55,75.60%,170,225,,,,,,,,
Does your company have a security policy regarding using smartphones / tablets for business purposes?,32.00%,72,68.00%,153,225,,,,,,,,
Does your company have a plan to deal with a lost or stolen company-issued smartphone / tablet?,35.90%,80,64.10%,143,223,,,,,,,,
"Have your employees ever lost a company-issued smartphone / tablet, or had one stolen?",7.60%,17,92.40%,208,225,,,,,,,,
Do you plan to use more tablets or “phablets” in the next year in your business?,27.80%,62,72.20%,161,223,,,,,,,,
Do you or your employees keep customer information on smartphones / tablets?,35.00%,78,65.00%,145,223,,,,,,,,
Do you believe that the use of smartphones / tablets in your company creates a security risk?,29.30%,66,70.70%,159,225,,,,,,,,
Is the information that you or your employees store on smartphones / tablets important to conducting your business?,45.10%,101,54.90%,123,224,,,,,,,,
Do you use a security product on your smartphones / tablets today to protect against malware and / or theft or loss?,39.00%,87,61.00%,136,223,,,,,,,,
Do you see any value in having a security product on your smartphones / tablets?,56.90%,128,43.10%,97,225,,,,,,,,
Do you feel you have a good understanding of how your employees use their smartphones / tablets for work?,69.80%,155,30.20%,67,222,,,,,,,,
,,,,,,,,,,,,,
,,,,,,,,,,,,,
,,,,,,,,,,,,,
,,,,,,,,,,,,,
17. Did your lost or stolen company-issued smartphone/tablet result in a breach or data theft?,,,,,,,,,,,,,
Value,Count,Percent,,,,,,,,,,,
Yes,1,5.90%,,,,,,,,,,,
No,16,94.10%,,,,,,,,,,,
,,,,,,,,,,,,,
,,,,,,,,,,,,,
,,,,,,,,,,,,,
,,,,,,,,,,,,,
,,,,,,,,,,,,,
"18. In general, where would you say you first learn about new products and services for your business? (rank from most to least important)",,,,,,,,,,,,,
Item,Score,Overall Rank,,,,,,,,,,,
"Direct from vendors – e.g., email, websites, trade shows, sales call from representative, etc.",1375,1,,,,,,,,,,,
Other business owners / peers / colleagues,1313,2,,,,,,,,,,,
Business news media / review sites / blogs,1245,3,,,,,,,,,,,
In a store,1165,4,,,,,,,,,,,
"My internal team – e.g., my IT manager, financial manager, HR manager, etc.",943,5,,,,,,,,,,,
Online forum / discussion board,870,6,,,,,,,,,,,
"My external team – e.g., my accountant, attorney or local technology consultant / reseller",860,7,,,,,,,,,,,
Social media site,655,8,,,,,,,,,,,
Analysts like Forrester or Gartner,538,9,,,,,,,,,,,
total_responses_text: 219,,,,,,,,,,,,,
"Score is a weighted calculation. Items ranked first are valued higher than the following ranks, the score is the sum of all weighted rank counts.",,,,,,,,,,,,,
,,,,,,,,,,,,,
,,,,,,,,,,,,,
,,,,,,,,,,,,,
"19. On a scale of 1 (very unlikely) to 5 (very likely), please rate how likely you are to first learn about a product or service for your business via each of these specific sources / formats.",,,,,,,,,,,,,
,1 (very unlikely),,2,,3,,4,,5 (very likely),,Responses,,
,%,#,%,#,%,#,%,#,%,#,#,,
Analyst report,48.90%,110,16.90%,38,24.90%,56,6.20%,14,3.10%,7,225,,
Audio podcast,56.40%,127,20.00%,45,18.20%,41,2.20%,5,3.10%,7,225,,
Banner ad on a website,37.90%,85,20.10%,45,25.00%,56,12.10%,27,4.90%,11,224,,
Blog,40.50%,89,21.40%,47,22.30%,49,12.70%,28,3.20%,7,220,,
Call from or meeting with sales representative,32.70%,73,17.00%,38,24.70%,55,13.90%,31,11.70%,26,223,,
Case study,41.40%,92,18.50%,41,27.00%,60,8.60%,19,4.50%,10,222,,
eBook / guide / handbook,39.30%,88,24.60%,55,26.80%,60,5.40%,12,4.00%,9,224,,
Email newsletter,20.00%,45,11.60%,26,27.60%,62,28.00%,63,12.90%,29,225,,
Event or trade show,25.80%,58,11.10%,25,25.30%,57,23.10%,52,14.70%,33,225,,
Facebook,48.20%,108,16.50%,37,18.80%,42,8.00%,18,8.50%,19,224,,
Forum or discussion board,33.90%,76,15.60%,35,27.20%,61,16.10%,36,7.10%,16,224,,
Google+,52.00%,115,14.90%,33,23.50%,52,6.80%,15,2.70%,6,221,,
Infographic,59.60%,133,15.20%,34,20.20%,45,2.70%,6,2.20%,5,223,,
LinkedIn,55.80%,125,9.80%,22,21.40%,48,6.70%,15,6.30%,14,224,,
Newspaper / magazine (print or online),21.00%,47,15.20%,34,26.30%,59,25.40%,57,12.10%,27,224,,
One-off email,40.00%,90,14.20%,32,29.30%,66,10.20%,23,6.20%,14,225,,
Outdoor billboard or signage,49.80%,111,21.50%,48,19.70%,44,5.40%,12,3.60%,8,223,,
Peer / colleague,11.20%,25,10.30%,23,24.10%,54,26.30%,59,28.10%,63,224,,
"Postcard, letter or catalog in the mail",29.80%,67,16.90%,38,28.00%,63,17.30%,39,8.00%,18,225,,
Press release,36.40%,82,17.30%,39,28.40%,64,12.90%,29,4.90%,11,225,,
Print newsletter,31.50%,70,17.60%,39,30.60%,68,13.10%,29,7.20%,16,222,,
Product section of a vendor’s website,30.00%,67,13.90%,31,25.60%,57,18.40%,41,12.10%,27,223,,
Radio,47.30%,104,18.60%,41,23.60%,52,7.70%,17,2.70%,6,220,,
Research report,39.10%,86,19.10%,42,27.70%,61,10.50%,23,3.60%,8,220,,
Resource section of a vendor’s website,33.90%,76,17.90%,40,25.40%,57,17.40%,39,5.40%,12,224,,
TV,32.90%,74,16.40%,37,24.40%,55,15.10%,34,11.10%,25,225,,
Twitter,66.10%,148,12.50%,28,15.60%,35,2.20%,5,3.60%,8,224,,
Video on vendor website,45.30%,101,16.60%,37,23.30%,52,10.80%,24,4.00%,9,223,,
Webinar/webcast,46.90%,105,18.80%,42,22.30%,50,8.90%,20,3.10%,7,224,,
White paper,51.10%,113,16.70%,37,22.60%,50,7.20%,16,2.30%,5,221,,
YouTube,52.20%,117,14.30%,32,23.20%,52,7.60%,17,2.70%,6,224,,
,,,,,,,,,,,,,
,,,,,,,,,,,,,
,,,,,,,,,,,,,
,,,,,,,,,,,,,
"22. Who do you rely on most for information, advice or recommendations when you are investigating new products or services for your business? (rank from most to least important)",,,,,,,,,,,,,
Item,Score,Overall Rank,,,,,,,,,,,
Peers / colleagues,791,1,,,,,,,,,,,
My internal team,668,2,,,,,,,,,,,
"Third-party experts, e.g., analysts, bloggers or reviewers",587,3,,,,,,,,,,,
Vendors,556,4,,,,,,,,,,,
"My external team (e.g., accountant, attorney, consultant, tech vendor, etc.)",511,5,,,,,,,,,,,
total_responses_text: 221,,,,,,,,,,,,,
"Score is a weighted calculation. Items ranked first are valued higher than the following ranks, the score is the sum of all weighted rank counts.",,,,,,,,,,,,,
,,,,,,,,,,,,,
,,,,,,,,,,,,,
,,,,,,,,,,,,,
"23. Once your company has decided to investigate a new product or service for your business, who typically leads the research? (select the closest answer)",,,,,,,,,,,,,
Value,Count,Percent,,,,,,,,,,,
Me,195,86.70%,,,,,,,,,,,
"The relevant manager / group (e.g. IT, sales, HR, etc.)",20,8.90%,,,,,,,,,,,
My office manager,6,2.70%,,,,,,,,,,,
An external consultant,1,0.40%,,,,,,,,,,,
Other (please describe),3,1.30%,,,,,,,,,,,
,,,,,,,,,,,,,
,,,,,,,,,,,,,
,,,,,,,,,,,,,
,,,,,,,,,,,,,
,,,,,,,,,,,,,
"24. On a scale of 1 (do not want at all) to 5 (want very much), please rate when you want to hear from a salesperson:",,,,,,,,,,,,,
,1 (do not want),,2,,3,,4,,5 (want very much),,Responses,,
,%,#,%,#,%,#,%,#,%,#,#,,
After we first learn about a product or service,30.30%,67,16.30%,36,28.10%,62,16.70%,37,8.60%,19,221,,
Once we are considering purchasing a product or service,14.80%,33,9.90%,22,27.40%,61,32.70%,73,15.20%,34,223,,
Once we are ready to purchase a product or service,12.80%,28,4.10%,9,16.40%,36,30.10%,66,36.50%,80,219,,
"On an ongoing basis, for example via occasional calls or emails",27.60%,60,17.50%,38,31.30%,68,18.00%,39,5.50%,12,217,,
,,,,,,,,,,,,,
,,,,,,,,,,,,,
,,,,,,,,,,,,,
,,,,,,,,,,,,,
"25. When you do meet with a salesperson, please rate how much you like each of these kinds of materials they might review with you. Please use a scale of 1 (do not like at all) to 5 (like very much).",,,,,,,,,,,,,
,1 (do not like at all),,2,,3,,4,,5 (like very much),,Responses,,
,%,#,%,#,%,#,%,#,%,#,#,,
Printed pieces,0.00%,0,0.00%,0,0.00%,0,0.00%,0,0.00%,0,0,,
Sheets or brochures describing the product,7.60%,17,6.30%,14,26.50%,59,26.90%,60,32.70%,73,223,,
Checklist or worksheet to determine the right product configuration for your needs,13.50%,30,11.70%,26,27.00%,60,25.20%,56,22.50%,50,222,,
Customer stories or case studies,21.10%,47,16.10%,36,32.70%,73,20.20%,45,9.90%,22,223,,
"Handbook or guide on a business management topic, like how to get new customers",22.60%,50,16.70%,37,32.60%,72,17.20%,38,10.90%,24,221,,
Tablet computer (such as an iPad),0.00%,0,0.00%,0,0.00%,0,0.00%,0,0.00%,0,0,,
Interactive tool to determine the right product configuration for your needs,22.60%,50,11.80%,26,29.90%,66,20.40%,45,15.40%,34,221,,
"Instant quote / order confirmation with specifications, costs, delivery timing, etc.",16.70%,37,8.10%,18,27.10%,60,23.50%,52,24.40%,54,221,,
Presentation (like a PowerPoint) on product features and benefits,24.80%,54,13.80%,30,30.30%,66,17.90%,39,13.30%,29,218,,
Presentation featuring customer stories or case studies,28.20%,62,16.80%,37,30.00%,66,15.90%,35,9.10%,20,220,,
Video describing the product features and benefits,21.90%,48,8.20%,18,26.00%,57,26.00%,57,17.80%,39,219,,
Video presenting customer stories or case studies,29.40%,64,19.30%,42,29.80%,65,13.30%,29,8.30%,18,218,,
"Video on a business management topic, like how to get new customers",31.50%,68,13.90%,30,31.00%,67,13.90%,30,9.70%,21,216,,
,,,,,,,,,,,,,
,,,,,,,,,,,,,
,,,,,,,,,,,,,
,,,,,,,,,,,,,
"26. On a scale of 1 (very unlikely) to 5 (very likely), please rate how likely you are to use each of these sources / formats when you are researching a product or service for your business.",,,,,,,,,,,,,
,1 (very unlikely),,2,,3,,4,,5 (very likely),,Responses,,
,%,#,%,#,%,#,%,#,%,#,#,,
Analyst report,33.50%,75,14.70%,33,28.60%,64,15.20%,34,8.00%,18,224,,
Audio podcast,47.60%,107,23.10%,52,20.40%,46,4.40%,10,4.40%,10,225,,
Banner ad on a website,47.10%,105,20.20%,45,23.30%,52,5.40%,12,4.00%,9,223,,
Blog,37.30%,84,19.60%,44,26.70%,60,11.60%,26,4.90%,11,225,,
Call from or meeting with sales representative,23.80%,53,18.80%,42,28.30%,63,18.40%,41,10.80%,24,223,,
Case study,32.30%,72,14.80%,33,30.90%,69,16.60%,37,5.40%,12,223,,
eBook / guide / handbook,29.60%,66,20.60%,46,31.40%,70,13.50%,30,4.90%,11,223,,
Email newsletter,17.80%,40,20.00%,45,29.80%,67,22.20%,50,10.20%,23,225,,
Event or trade show,22.10%,49,15.30%,34,28.40%,63,18.90%,42,15.30%,34,222,,
Facebook,53.20%,118,15.80%,35,18.50%,41,8.10%,18,4.50%,10,222,,
Forum or chat site,37.20%,83,20.20%,45,22.00%,49,15.70%,35,4.90%,11,223,,
Google+,52.30%,116,14.40%,32,23.90%,53,5.90%,13,3.60%,8,222,,
Infographic,54.80%,121,16.70%,37,19.90%,44,6.80%,15,1.80%,4,221,,
"Interactive tool, such as a calculator or configurator",36.60%,82,21.00%,47,25.90%,58,11.20%,25,5.40%,12,224,,
LinkedIn,57.10%,128,12.10%,27,17.40%,39,6.70%,15,6.70%,15,224,,
Newspaper / magazine (print or online),23.00%,51,19.40%,43,26.10%,58,21.60%,48,9.90%,22,222,,
One-off email,35.10%,78,18.50%,41,29.30%,65,11.70%,26,5.40%,12,222,,
Outdoor billboard or signage,48.40%,108,24.20%,54,20.20%,45,4.90%,11,2.20%,5,223,,
Peer / colleague,12.60%,28,10.30%,23,20.20%,45,31.40%,70,25.60%,57,223,,
"Postcard, letter or catalog in the mail",28.60%,64,17.40%,39,32.10%,72,13.40%,30,8.50%,19,224,,
Press release,29.80%,67,23.60%,53,28.90%,65,12.90%,29,4.90%,11,225,,
Print newsletter,26.90%,59,15.50%,34,32.90%,72,17.80%,39,6.80%,15,219,,
Product section of a vendor’s website,20.60%,46,15.70%,35,27.80%,62,22.90%,51,13.00%,29,223,,
Radio,43.90%,98,22.40%,50,25.10%,56,5.40%,12,3.10%,7,223,,
Research report,29.10%,64,16.80%,37,30.90%,68,15.90%,35,7.30%,16,220,,
Resource section of a vendor’s website,24.10%,54,15.20%,34,29.50%,66,22.30%,50,8.90%,20,224,,
TV,38.70%,86,16.70%,37,24.80%,55,13.10%,29,6.80%,15,222,,
Twitter,66.50%,149,12.90%,29,14.70%,33,3.10%,7,2.70%,6,224,,
Video on vendor website,31.30%,70,16.50%,37,29.50%,66,14.30%,32,8.50%,19,224,,
Webinar/webcast,39.40%,87,15.80%,35,27.60%,61,11.30%,25,5.90%,13,221,,
White paper,45.20%,100,13.10%,29,26.20%,58,11.80%,26,3.60%,8,221,,
YouTube,46.10%,101,17.40%,38,24.70%,54,5.90%,13,5.90%,13,219,,
,,,,,,,,,,,,,
,,,,,,,,,,,,,
,,,,,,,,,,,,,
,,,,,,,,,,,,,
"28. On the same scale, please rate how likely you are to use each of these sources / formats when you are making a final purchase decision for a specific product or service.",,,,,,,,,,,,,
,1 (very unlikely),,2,,3,,4,,5 (very likely),,Responses,,
,%,#,%,#,%,#,%,#,%,#,#,,
Analyst report,35.10%,78,21.60%,48,24.30%,54,11.70%,26,7.20%,16,222,,
Audio podcast,55.70%,123,19.90%,44,19.00%,42,2.70%,6,2.70%,6,221,,
Banner ad on a website,59.40%,130,16.90%,37,16.90%,37,4.10%,9,2.70%,6,219,,
Blog,49.50%,108,17.40%,38,20.20%,44,8.70%,19,4.10%,9,218,,
Call from or meeting with a sales representative,24.90%,55,17.20%,38,23.50%,52,21.30%,47,13.10%,29,221,,
Case study,35.60%,78,16.00%,35,29.70%,65,12.80%,28,5.90%,13,219,,
eBook / guide / handbook,35.40%,79,15.20%,34,32.30%,72,12.60%,28,4.50%,10,223,,
Email newsletter,31.50%,70,18.90%,42,27.90%,62,14.00%,31,7.70%,17,222,,
Event or trade show,31.20%,69,11.30%,25,28.50%,63,13.10%,29,15.80%,35,221,,
Facebook,63.80%,141,10.40%,23,17.20%,38,4.10%,9,4.50%,10,221,,
Forum or chat site,44.10%,98,15.30%,34,25.20%,56,9.50%,21,5.90%,13,222,,
Google+,56.50%,126,13.50%,30,20.20%,45,5.40%,12,4.50%,10,223,,
Infographic,58.10%,126,13.80%,30,19.80%,43,5.10%,11,3.20%,7,217,,
"Interactive tool, such as a calculator or configurator",44.60%,99,9.90%,22,29.70%,66,9.50%,21,6.30%,14,222,,
LinkedIn,59.50%,131,11.80%,26,16.80%,37,7.70%,17,4.10%,9,220,,
Newspaper / magazine (print or online),31.70%,70,22.20%,49,25.30%,56,12.70%,28,8.10%,18,221,,
One-off email,44.60%,99,14.90%,33,26.10%,58,9.90%,22,4.50%,10,222,,
Outdoor billboard or signage,58.40%,128,16.00%,35,19.20%,42,3.20%,7,3.20%,7,219,,
Peer / colleague,13.10%,29,10.00%,22,21.70%,48,32.60%,72,22.60%,50,221,,
"Postcard, letter or catalog in the mail",33.90%,75,17.60%,39,29.40%,65,11.80%,26,7.20%,16,221,,
Press release,41.60%,91,17.40%,38,28.30%,62,8.70%,19,4.10%,9,219,,
Print newsletter,35.50%,78,16.40%,36,24.50%,54,17.30%,38,6.40%,14,220,,
Product section of a vendor’s website,24.50%,54,11.40%,25,22.70%,50,25.50%,56,15.90%,35,220,,
Radio,55.00%,121,17.70%,39,18.60%,41,6.40%,14,2.30%,5,220,,
Research report,32.90%,72,14.20%,31,30.60%,67,13.20%,29,9.10%,20,219,,
Resource section of a vendor’s website,28.60%,63,12.30%,27,29.10%,64,20.50%,45,9.50%,21,220,,
TV,44.10%,98,18.00%,40,18.00%,40,12.20%,27,7.70%,17,222,,
Twitter,71.20%,156,11.00%,24,11.90%,26,4.10%,9,1.80%,4,219,,
Video on vendor website,36.20%,80,16.70%,37,26.20%,58,13.60%,30,7.20%,16,221,,
Webinar/webcast,43.20%,95,16.80%,37,27.30%,60,7.70%,17,5.00%,11,220,,
White paper,47.30%,104,15.50%,34,26.40%,58,7.70%,17,3.20%,7,220,,
YouTube,51.40%,109,16.50%,35,21.20%,45,6.10%,13,4.70%,10,212,,
,,,,,,,,,,,,,
,,,,,,,,,,,,,
,,,,,,,,,,,,,
,,,,,,,,,,,,,
"30. On a scale of 1 (not at all important) to 5 (very important), how important to you are each of these aspects of marketing content, like the formats above, from a vendor?",,,,,,,,,,,,,
,1 (not at all important),,2,,3,,4,,5 (very important),,Responses,,
,%,#,%,#,%,#,%,#,%,#,#,,
It addresses the concerns of companies in my industry,10.30%,23,5.40%,12,27.70%,62,30.40%,68,26.30%,59,224,,
It addresses the concerns of companies the same size as my company,14.30%,32,5.80%,13,28.60%,64,28.60%,64,22.80%,51,224,,
It clearly describes the benefits of the product or service,6.30%,14,3.20%,7,16.70%,37,26.60%,59,47.30%,105,222,,
It doesn’t do a hard sell,7.10%,16,5.80%,13,24.00%,54,26.70%,60,36.40%,82,225,,
It is addressed to me,9.90%,22,10.80%,24,32.30%,72,25.10%,56,22.00%,49,223,,
It is easy to understand,5.00%,11,2.30%,5,18.10%,40,30.30%,67,44.30%,98,221,,
It is in a new or unique format,18.70%,42,15.10%,34,36.90%,83,16.90%,38,12.40%,28,225,,
It is recommended by a peer / colleague,7.60%,17,4.90%,11,27.20%,61,34.80%,78,25.40%,57,224,,
It is short,5.80%,13,12.60%,28,38.10%,85,28.30%,63,15.20%,34,223,,
It is visually interesting or compelling,8.40%,19,8.90%,20,32.40%,73,30.20%,68,20.00%,45,225,,
It is well-written,6.80%,15,4.50%,10,17.10%,38,35.60%,79,36.00%,80,222,,
"It provides a compelling or time-sensitive offer, like a discount or free trial",11.60%,26,9.80%,22,32.00%,72,26.20%,59,20.40%,46,225,,
It provides information on a product or service I’m interested in,5.40%,12,1.80%,4,17.90%,40,29.50%,66,45.50%,102,224,,
It provides practical advice or tips I can put to use in my business,8.50%,19,3.60%,8,27.80%,62,30.00%,67,30.00%,67,223,,
,,,,,,,,,,,,,
,,,,,,,,,,,,,
,,,,,,,,,,,,,
,,,,,,,,,,,,,
"32. On a scale of 1 (not at all interested) to 5 (very interested), how interested are you in each of these ways to stay in touch with vendors if you have researched a product or service, but are not yet ready to buy?",,,,,,,,,,,,,
,1 (not at all interested),,2,,3,,4,,5 (very interested),,Responses,,
,%,#,%,#,%,#,%,#,%,#,#,,
Email newsletter,17.90%,40,14.30%,32,24.70%,55,25.60%,57,17.50%,39,223,,
Facebook,65.20%,146,10.30%,23,14.70%,33,5.40%,12,4.50%,10,224,,
Google+,61.70%,137,13.10%,29,18.00%,40,3.60%,8,3.60%,8,222,,
In-person meetings with a sales representative,26.90%,60,15.20%,34,21.50%,48,21.10%,47,15.20%,34,223,,
"Letter, postcard or other mailing",21.40%,48,16.10%,36,34.80%,78,16.50%,37,11.20%,25,224,,
LinkedIn,65.30%,145,10.40%,23,14.40%,32,4.50%,10,5.40%,12,222,,
Occasional call from a sales representative,32.60%,73,12.90%,29,26.30%,59,19.20%,43,8.90%,20,224,,
Occasional email from a sales representative,16.40%,37,12.00%,27,27.60%,62,27.60%,62,16.40%,37,225,,
Print newsletter,27.40%,61,16.10%,36,25.10%,56,21.50%,48,9.90%,22,223,,
Text messages,58.30%,130,11.70%,26,18.40%,41,6.70%,15,4.90%,11,223,,
Twitter,75.70%,168,8.10%,18,10.40%,23,1.80%,4,4.10%,9,222,,
,,,,,,,,,,,,,
,,,,,,,,,,,,,
,,,,,,,,,,,,,
,,,,,,,,,,,,,
33. How often do you like a vendor to contact you when you are not yet ready to buy? (select one),,,,,,,,,,,,,
Value,Count,Percent,,,,,,,,,,,
Once a week,13,5.90%,,,,,,,,,,,
Once a month,48,21.80%,,,,,,,,,,,
Once every three months,44,20.00%,,,,,,,,,,,
Once every six months,16,7.30%,,,,,,,,,,,
Once a year,5,2.30%,,,,,,,,,,,
I prefer to reach out to them as needed,94,42.70%,,,,,,,,,,,
,,,,,,,,,,,,,
,,,,,,,,,,,,,
,,,,,,,,,,,,,
,,,,,,,,,,,,,
,,,,,,,,,,,,,
"34. On a scale of 1 (not at all interested) to 5 (very interested), how interested are you in each of these ways to stay in touch with a vendor after you have purchased their product or service?",,,,,,,,,,,,,
,1 (not at all interested),,2,,3,,4,,5 (very interested),,Responses,,
,%,#,%,#,%,#,%,#,%,#,#,,
Email newsletter,19.70%,44,12.10%,27,27.40%,61,22.00%,49,18.80%,42,223,,
Facebook,69.20%,153,9.50%,21,12.20%,27,5.40%,12,3.60%,8,221,,
Google+,65.50%,144,12.70%,28,16.40%,36,3.20%,7,2.30%,5,220,,
In-person meetings with a sales representative,31.80%,71,14.80%,33,27.80%,62,14.30%,32,11.20%,25,223,,
"Letter, postcard or other mailing",25.30%,57,18.20%,41,31.10%,70,13.80%,31,11.60%,26,225,,
LinkedIn,66.40%,148,12.60%,28,12.60%,28,4.50%,10,4.00%,9,223,,
Occasional call from a sales representative,30.90%,69,13.90%,31,26.00%,58,19.70%,44,9.40%,21,223,,
Occasional email from a sales representative,16.50%,37,11.60%,26,29.00%,65,28.60%,64,14.30%,32,224,,
Print newsletter,28.60%,63,15.00%,33,33.20%,73,16.40%,36,6.80%,15,220,,
Text messages,58.70%,131,13.90%,31,15.70%,35,8.10%,18,3.60%,8,223,,
Twitter,76.80%,169,7.30%,16,11.80%,26,0.90%,2,3.20%,7,220,,
,,,,,,,,,,,,,
,,,,,,,,,,,,,
,,,,,,,,,,,,,
,,,,,,,,,,,,,
35. How often do you like a vendor to contact you after you have purchased their product or service? (select one),,,,,,,,,,,,,
Value,Count,Percent,,,,,,,,,,,
Once a week,10,4.50%,,,,,,,,,,,
Once a month,40,17.90%,,,,,,,,,,,
Once every three months,55,24.70%,,,,,,,,,,,
Once every six months,28,12.60%,,,,,,,,,,,
Once a year,3,1.40%,,,,,,,,,,,
I prefer to reach out to them as needed,87,39.00%,,,,,,,,,,,
,,,,,,,,,,,,,
,,,,,,,,,,,,,
,,,,,,,,,,,,,
,,,,,,,,,,,,,
,,,,,,,,,,,,,
"36. For each of the sources / formats below, please select the stage in the purchase cycle – awareness (i.e. where you first learn about a product or service), research (i.e. investigation / evaluation) or purchase – where you are most likely to use that source / format.",,,,,,,,,,,,,
,Awareness,,Research,,Purchase,,Responses,,,,,,
,%,#,%,#,%,#,#,,,,,,
Analyst report,40.40%,82,56.70%,115,3.00%,6,203,,,,,,
Audio podcast,67.20%,133,31.80%,63,1.00%,2,198,,,,,,
Banner ad on a website,85.60%,172,13.40%,27,1.00%,2,201,,,,,,
Blog,64.60%,128,34.30%,68,1.00%,2,198,,,,,,
Call from or meeting with sales representative,32.90%,68,34.80%,72,32.40%,67,207,,,,,,
Case study,31.30%,63,66.20%,133,2.50%,5,201,,,,,,
eBook / guide / handbook,39.70%,79,52.30%,104,8.00%,16,199,,,,,,
Email newsletter,50.20%,101,44.80%,90,5.00%,10,201,,,,,,
Event or trade show,53.20%,108,34.00%,69,12.80%,26,203,,,,,,
Facebook,87.70%,171,11.30%,22,1.00%,2,195,,,,,,
Forum or discussion board,51.00%,102,44.50%,89,4.50%,9,200,,,,,,
Google+,78.80%,156,19.70%,39,1.50%,3,198,,,,,,
Infographic,76.50%,150,23.00%,45,0.50%,1,196,,,,,,
LinkedIn,78.60%,154,20.90%,41,0.50%,1,196,,,,,,
Newspaper / magazine (print or online),58.10%,118,37.90%,77,3.90%,8,203,,,,,,
One-off email,68.20%,135,26.30%,52,5.60%,11,198,,,,,,
Outdoor billboard or signage,88.90%,176,10.60%,21,0.50%,1,198,,,,,,
Peer / colleague,30.70%,63,48.30%,99,21.00%,43,205,,,,,,
"Postcard, letter or catalog in the mail",62.60%,127,31.50%,64,5.90%,12,203,,,,,,
Press release,67.50%,135,31.50%,63,1.00%,2,200,,,,,,
Print newsletter,59.00%,118,38.00%,76,3.00%,6,200,,,,,,
Product section of a vendor’s website,30.60%,64,47.80%,100,21.50%,45,209,,,,,,
Radio,85.70%,168,13.30%,26,1.00%,2,196,,,,,,
Research report,29.90%,60,65.20%,131,5.00%,10,201,,,,,,
Resource section of a vendor’s website,32.20%,65,58.40%,118,9.40%,19,202,,,,,,
TV,81.00%,162,16.00%,32,3.00%,6,200,,,,,,
Twitter,88.80%,175,10.70%,21,0.50%,1,197,,,,,,
Video on vendor website,46.70%,93,45.70%,91,7.50%,15,199,,,,,,
Webinar/webcast,54.50%,108,40.40%,80,5.10%,10,198,,,,,,
White paper,56.30%,112,41.20%,82,2.50%,5,199,,,,,,
YouTube,73.20%,142,25.30%,49,1.50%,3,194,,,,,,
,,,,,,,,,,,,,
,,,,,,,,,,,,,
,,,,,,,,,,,,,
,,,,,,,,,,,,,
"37. For each sources / format below, please indicate which you are most likely to view on a desktop / laptop; a smartphone such as an iPhone or Samsung Galaxy; or a tablet such as an iPad or Surface.",,,,,,,,,,,,,
,Desktop / laptop,,Smart-phone,,Tablet,,Responses,,,,,,
,%,#,%,#,%,#,#,,,,,,
Analyst report,92.60%,187,1.00%,2,6.40%,13,202,,,,,,
Audio podcast,82.10%,160,7.70%,15,10.30%,20,195,,,,,,
Banner ad on a website,87.20%,171,4.60%,9,8.20%,16,196,,,,,,
Blog,86.30%,170,2.50%,5,11.20%,22,197,,,,,,
Case study,91.50%,183,0.50%,1,8.00%,16,200,,,,,,
eBook / guide / handbook,85.90%,171,3.50%,7,10.60%,21,199,,,,,,
Email newsletter,83.20%,168,7.40%,15,9.40%,19,202,,,,,,
Facebook,79.70%,157,12.20%,24,8.10%,16,197,,,,,,
Forum or discussion board,86.80%,171,3.00%,6,10.20%,20,197,,,,,,
Google+,83.40%,161,6.70%,13,9.80%,19,193,,,,,,
Infographic,87.60%,170,4.60%,9,7.70%,15,194,,,,,,
LinkedIn,84.40%,162,7.30%,14,8.30%,16,192,,,,,,
Newspaper / magazine site,89.60%,181,2.50%,5,7.90%,16,202,,,,,,
One-off email,83.60%,163,10.30%,20,6.20%,12,195,,,,,,
Press release,86.00%,172,4.00%,8,10.00%,20,200,,,,,,
Product section of a vendor’s website,90.70%,185,2.50%,5,6.90%,14,204,,,,,,
Research report,92.00%,183,1.50%,3,6.50%,13,199,,,,,,
Resource section of a vendor’s website,91.30%,178,2.10%,4,6.70%,13,195,,,,,,
Twitter,75.40%,144,17.30%,33,7.30%,14,191,,,,,,
Video on vendor website,90.30%,176,2.10%,4,7.70%,15,195,,,,,,
Webinar/webcast,90.80%,177,3.10%,6,6.20%,12,195,,,,,,
White paper,88.80%,174,4.10%,8,7.10%,14,196,,,,,,
YouTube,83.20%,159,4.20%,8,12.60%,24,191,,,,,,
,,,,,,,,,,,,,
,,,,,,,,,,,,,
,,,,,,,,,,,,,
,,,,,,,,,,,,,
38. How important to you are customer stories or case studies when you are considering buying a new product or service for your business? (select one),,,,,,,,,,,,,
Value,Count,Percent,,,,,,,,,,,
Very important,46,21.10%,,,,,,,,,,,
Important,58,26.60%,,,,,,,,,,,
Somewhat important,80,36.70%,,,,,,,,,,,
Not at all important,34,15.60%,,,,,,,,,,,
,,,,,,,,,,,,,
,,,,,,,,,,,,,
,,,,,,,,,,,,,
,,,,,,,,,,,,,
,,,,,,,,,,,,,
39. How often do you read or view customer stories or case studies when you are considering buying a new product or service for your business? (select one),,,,,,,,,,,,,
Value,Count,Percent,,,,,,,,,,,
Always,32,14.60%,,,,,,,,,,,
Most of the time,56,25.60%,,,,,,,,,,,
Sometimes,80,36.50%,,,,,,,,,,,
Rarely,41,18.70%,,,,,,,,,,,
Never,10,4.60%,,,,,,,,,,,
,,,,,,,,,,,,,
,,,,,,,,,,,,,
,,,,,,,,,,,,,
,,,,,,,,,,,,,
,,,,,,,,,,,,,
"40. On a scale of 1 (not at all important) to 5 (very important), how important are customer stories or case studies when you are considering a product or service from a vendor in each of these categories:",,,,,,,,,,,,,
,1 (not at all important),,2,,3,,4,,5 (very important),,Responses,,
,%,#,%,#,%,#,%,#,%,#,#,,
"Banks (e.g., checking accounts, loans, online payments)",26.80%,59,21.40%,47,26.80%,59,10.50%,23,14.50%,32,220,,
"Business travel: airlines, hotels, rental cars etc.",23.60%,52,15.50%,34,27.70%,61,17.70%,39,15.50%,34,220,,
Cellphone / smartphone; cellphone service,19.20%,42,12.80%,28,33.80%,74,16.40%,36,17.80%,39,219,,
Credit cards,32.70%,72,14.50%,32,27.70%,61,14.50%,32,10.50%,23,220,,
Employee recruiting services / temp agencies,37.60%,83,15.40%,34,24.00%,53,13.10%,29,10.00%,22,221,,
"Insurance companies (e.g., business insurance; employee life and health insurance)",26.50%,58,20.10%,44,25.10%,55,16.40%,36,11.90%,26,219,,
Internet access providers / website hosts,23.20%,51,14.10%,31,32.30%,71,19.10%,42,11.40%,25,220,,
Local technology solution providers,21.90%,48,13.20%,29,30.10%,66,20.50%,45,14.20%,31,219,,
"Marketing services (e.g., online advertising, email / social media marketing)",23.30%,51,16.00%,35,29.20%,64,18.30%,40,13.20%,29,219,,
Office supply stores / print centers,27.00%,60,18.50%,41,29.70%,66,15.30%,34,9.50%,21,222,,
Overnight package delivery companies,32.00%,70,15.10%,33,29.20%,64,16.00%,35,7.80%,17,219,,
Payroll service providers,36.20%,80,14.90%,33,23.10%,51,16.70%,37,9.00%,20,221,,
"Phone (i.e., non-cellphone) company/ies",27.40%,60,17.40%,38,29.70%,65,13.20%,29,12.30%,27,219,,
Retirement plan providers,36.20%,79,11.90%,26,21.60%,47,17.90%,39,12.40%,27,218,,
"Social media companies (e.g., Facebook, Google+, LinkedIn, Twitter)",47.50%,105,14.00%,31,24.00%,53,10.00%,22,4.50%,10,221,,
Software companies,26.90%,59,14.20%,31,26.90%,59,22.80%,50,9.10%,20,219,,
"Technology hardware (i.e., PCs, printers, servers) manufacturers",23.70%,51,8.80%,19,27.00%,58,24.70%,53,15.80%,34,215,,
,,,,,,,,,,,,,
,,,,,,,,,,,,,
,,,,,,,,,,,,,
,,,,,,,,,,,,,
41. What format do you prefer customer stories or case studies to be in? (select one),,,,,,,,,,,,,
Value,Count,Percent,,,,,,,,,,,
"Print (i.e., paper)",75,33.90%,,,,,,,,,,,
Online PDF or HTML,123,55.70%,,,,,,,,,,,
Video,23,10.40%,,,,,,,,,,,
,,,,,,,,,,,,,
,,,,,,,,,,,,,
,,,,,,,,,,,,,
,,,,,,,,,,,,,
,,,,,,,,,,,,,
"42. On a scale of 1 (not at all important) to 5 (very important), please rate how important each of these aspects of a customer story or case study is to you.",,,,,,,,,,,,,
,1 (not at all important),,2,,3,,4,,5 (very important),,Responses,,
,%,#,%,#,%,#,%,#,%,#,#,,
The challenges faced by the featured company are similar to mine,14.10%,31,5.50%,12,24.50%,54,35.90%,79,20.00%,44,220,,
The featured company is about the same size as my company,13.60%,30,7.70%,17,31.80%,70,26.40%,58,20.50%,45,220,,
The featured company is in my industry,12.30%,27,7.70%,17,27.70%,61,25.00%,55,27.30%,60,220,,
The story clearly describes the benefits of the relevant product or service,9.30%,20,4.20%,9,19.90%,43,31.90%,69,34.70%,75,216,,
The story describes the specific results the company achieved,10.00%,22,5.00%,11,23.30%,51,30.60%,67,31.10%,68,219,,
The story is easy to read or view,8.60%,19,4.10%,9,21.40%,47,34.50%,76,31.40%,69,220,,
The story is short,8.60%,19,10.50%,23,30.50%,67,30.90%,68,19.50%,43,220,,
The story is visually interesting or compelling,9.50%,21,10.90%,24,34.80%,77,26.70%,59,18.10%,40,221,,
The story was rated highly by previous readers / viewers,17.90%,39,12.80%,28,35.30%,77,21.60%,47,12.40%,27,218,,
The story was recommended by a peer / colleague,11.00%,24,7.30%,16,28.40%,62,34.90%,76,18.30%,40,218,,
,,,,,,,,,,,,,
,,,,,,,,,,,,,
,,,,,,,,,,,,,
,,,,,,,,,,,,,
"43. On a scale of 1 (do not like) to 5 (like very much), please rate how much you like each of these ways to access customer stories or case studies.",,,,,,,,,,,,,
,1 (do not like),,2,,3,,4,,5 (like very much),,Responses,,
,%,#,%,#,%,#,%,#,%,#,#,,
Find online via search,14.20%,31,7.30%,16,29.70%,65,23.30%,51,25.60%,56,219,,
On third party sites / newsletters,21.50%,47,16.00%,35,36.10%,79,17.80%,39,8.70%,19,219,,
On vendor’s Facebook page,55.30%,121,15.50%,34,20.10%,44,6.40%,14,2.70%,6,219,,
On vendor’s Google page,55.00%,121,15.50%,34,21.40%,47,5.90%,13,2.30%,5,220,,
On vendor’s LinkedIn page or group,56.80%,125,14.50%,32,17.30%,38,8.20%,18,3.20%,7,220,,
On vendor’s Twitter feed,65.50%,144,13.20%,29,15.90%,35,4.10%,9,1.40%,3,220,,
On vendor’s website,15.50%,34,9.10%,20,23.70%,52,27.40%,60,24.20%,53,219,,
On vendor’s YouTube channel,43.20%,96,16.20%,36,23.00%,51,11.30%,25,6.30%,14,222,,
Via email from vendor,20.50%,45,15.10%,33,26.90%,59,22.80%,50,14.60%,32,219,,
Via text message from vendor,54.30%,120,15.40%,34,17.20%,38,7.70%,17,5.40%,12,221,,
,,,,,,,,,,,,,
,,,,,,,,,,,,,
,,,,,,,,,,,,,
,,,,,,,,,,,,,
44. What is the best length for a written (print or PDF) customer story or case study? (select one),,,,,,,,,,,,,
Value,Count,Percent,,,,,,,,,,,
One page,119,53.10%,,,,,,,,,,,
Two pages,70,31.30%,,,,,,,,,,,
Three or four pages,30,13.40%,,,,,,,,,,,
More than four pages,5,2.20%,,,,,,,,,,,
,,,,,,,,,,,,,
,,,,,,,,,,,,,
,,,,,,,,,,,,,
,,,,,,,,,,,,,
,,,,,,,,,,,,,
45. What is the best length for a video customer story or case study? (select one),,,,,,,,,,,,,
Value,Count,Percent,,,,,,,,,,,
Less than two minutes,57,25.50%,,,,,,,,,,,
Two or three minutes,105,46.90%,,,,,,,,,,,
Four or five minutes,54,24.10%,,,,,,,,,,,
More than five minutes,8,3.60%,,,,,,,,,,,
,,,,,,,,,,,,,
,,,,,,,,,,,,,
,,,,,,,,,,,,,
,,,,,,,,,,,,,
,,,,,,,,,,,,,
"46. In general, how important to you are white papers when you are considering buying a new product or service for your business? (select one)",,,,,,,,,,,,,
Value,Count,Percent,,,,,,,,,,,
Very important,20,9.10%,,,,,,,,,,,
Important,58,26.20%,,,,,,,,,,,
Somewhat important,81,36.70%,,,,,,,,,,,
Not at all important,62,28.10%,,,,,,,,,,,
,,,,,,,,,,,,,
,,,,,,,,,,,,,
,,,,,,,,,,,,,
,,,,,,,,,,,,,
,,,,,,,,,,,,,
47. How often do you read white papers when you are considering buying a new product or service for your business? (select one),,,,,,,,,,,,,
Value,Count,Percent,,,,,,,,,,,
Always,19,8.60%,,,,,,,,,,,
Most of the time,44,19.90%,,,,,,,,,,,
Sometimes,79,35.80%,,,,,,,,,,,
Rarely,44,19.90%,,,,,,,,,,,
Never,35,15.80%,,,,,,,,,,,
,,,,,,,,,,,,,
,,,,,,,,,,,,,
,,,,,,,,,,,,,
,,,,,,,,,,,,,
,,,,,,,,,,,,,
"48. On a scale of 1 (not at all important) to 5 (very important), how important are white papers when you are considering a product or service from vendors in each of these categories:",,,,,,,,,,,,,
,1 (not at all important),,2,,3,,4,,5 (very important),,Responses,,
,%,#,%,#,%,#,%,#,%,#,#,,
"Banks (e.g., checking accounts, loans, online payments)",38.80%,85,11.90%,26,26.90%,59,11.00%,24,11.40%,25,219,,
"Business travel: airlines, hotels, rental cars etc.",43.40%,95,16.40%,36,22.40%,49,9.60%,21,8.20%,18,219,,
Cellphone / smartphone; cellphone service,40.50%,89,12.30%,27,29.50%,65,11.40%,25,6.40%,14,220,,
Credit cards,39.10%,86,15.90%,35,25.00%,55,11.40%,25,8.60%,19,220,,
Employee recruiting services / temp agencies,46.40%,102,15.50%,34,24.10%,53,8.20%,18,5.90%,13,220,,
"Insurance companies (e.g., business insurance; employee life and health insurance)",37.70%,83,12.30%,27,25.90%,57,14.50%,32,9.50%,21,220,,
Internet access providers / website hosts,36.50%,80,14.20%,31,27.90%,61,15.10%,33,6.40%,14,219,,
Local technology solution providers,36.10%,79,12.30%,27,29.70%,65,15.50%,34,6.40%,14,219,,
"Marketing services (e.g., online advertising, email / social media marketing)",39.80%,88,13.10%,29,27.60%,61,12.20%,27,7.20%,16,221,,
Office supply stores / print centers,41.80%,92,16.40%,36,26.40%,58,8.60%,19,6.80%,15,220,,
Overnight package delivery companies,43.60%,95,16.10%,35,26.10%,57,6.90%,15,7.30%,16,218,,
Payroll service providers,48.60%,107,12.30%,27,20.50%,45,9.10%,20,9.50%,21,220,,
"Phone (i.e., non-cellphone) company/ies",40.20%,88,14.20%,31,26.50%,58,11.90%,26,7.30%,16,219,,
Retirement plan providers,42.20%,92,10.60%,23,22.00%,48,13.30%,29,11.90%,26,218,,
"Social media companies (e.g., Facebook, Google+, LinkedIn, Twitter)",60.70%,133,13.70%,30,16.90%,37,4.10%,9,4.60%,10,219,,
Software companies,33.30%,73,14.20%,31,28.30%,62,13.20%,29,11.00%,24,219,,
"Technology hardware (i.e., PCs, printers, servers) manufacturers",31.40%,69,10.50%,23,29.10%,64,16.40%,36,12.70%,28,220,,
,,,,,,,,,,,,,
,,,,,,,,,,,,,
,,,,,,,,,,,,,
,,,,,,,,,,,,,
"49. On a scale of 1 (do not like) to 5 (like very much), please rate how much you like each of these ways to access white papers.",,,,,,,,,,,,,
,1 (do not like),,2,,3,,4,,5 (like very much),,Responses,,
,%,#,%,#,%,#,%,#,%,#,#,,
Find online via search,18.60%,41,9.10%,20,27.30%,60,22.70%,50,22.30%,49,220,,
On third-party sites or newsletters,29.80%,65,18.80%,41,31.20%,68,12.80%,28,7.30%,16,218,,
On vendor’s Facebook page,62.40%,136,11.90%,26,17.00%,37,3.20%,7,5.50%,12,218,,
On vendor’s Google page,63.20%,139,11.40%,25,20.00%,44,3.20%,7,2.30%,5,220,,
On vendor’s LinkedIn page or group,61.60%,133,13.00%,28,16.70%,36,5.10%,11,3.70%,8,216,,
On vendor’s Twitter feed,69.10%,150,12.00%,26,15.20%,33,1.40%,3,2.30%,5,217,,
On vendor’s website,23.60%,52,10.50%,23,24.50%,54,21.40%,47,20.00%,44,220,,
On vendor’s YouTube channel,46.80%,102,17.00%,37,23.90%,52,7.30%,16,5.00%,11,218,,
Via email from vendor,24.30%,53,11.90%,26,30.30%,66,20.60%,45,12.80%,28,218,,
Via text message from vendor,57.30%,125,10.10%,22,21.10%,46,7.80%,17,3.70%,8,218,,
,,,,,,,,,,,,,
,,,,,,,,,,,,,
,,,,,,,,,,,,,
,,,,,,,,,,,,,
50. What is the best length for a white paper? (select one),,,,,,,,,,,,,
Value,Count,Percent,,,,,,,,,,,
Two to three pages,183,83.60%,,,,,,,,,,,
Four to six pages,34,15.50%,,,,,,,,,,,
More than six pages,2,0.90%,,,,,,,,,,,
,,,,,,,,,,,,,
,,,,,,,,,,,,,
,,,,,,,,,,,,,
,,,,,,,,,,,,,
,,,,,,,,,,,,,
"51. On a scale of 1 (not at all important) to 5 (very important), please rate how important each of these aspects of a white paper is to you.",,,,,,,,,,,,,
,1 (not at all important),,2,,3,,4,,5 (very important),,Responses,,
,%,#,%,#,%,#,%,#,%,#,#,,
"It includes or links to relevant videos, interactive elements or other information",20.50%,45,12.70%,28,33.60%,74,21.80%,48,11.40%,25,220,,
"It is focused on a business challenge I am facing, such as increasing sales or managing IT",18.70%,41,8.70%,19,24.70%,54,26.90%,59,21.00%,46,219,,
It is non-promotional,14.50%,32,8.60%,19,31.20%,69,26.70%,59,19.00%,42,221,,
It provides data from a relevant survey,17.30%,38,8.60%,19,23.60%,52,34.10%,75,16.40%,36,220,,
It provides examples of users who have tried the product or service,17.80%,39,6.40%,14,26.50%,58,28.80%,63,20.50%,45,219,,
It provides technical detail on the product or service I am interested in,15.50%,34,6.40%,14,26.80%,59,27.70%,61,23.60%,52,220,,
It is rated highly by previous viewers,21.20%,46,10.60%,23,35.00%,76,18.40%,40,14.70%,32,217,,
It is recommended by a peer / colleague,17.60%,39,9.50%,21,23.10%,51,26.70%,59,23.10%,51,221,,
It is well-designed and easy to read,14.10%,31,5.00%,11,21.40%,47,28.20%,62,31.40%,69,220,,
It is written by a subject matter expert from the sponsoring company,19.30%,42,10.10%,22,34.40%,75,20.20%,44,16.10%,35,218,,
It is written by a third-party subject matter expert,21.20%,46,10.10%,22,34.60%,75,19.40%,42,14.70%,32,217,,
,,,,,,,,,,,,,
,,,,,,,,,,,,,
,,,,,,,,,,,,,
,,,,,,,,,,,,,
"52. In general, how important to you are webcasts when you are considering buying a new product or service for your business? (select one)",,,,,,,,,,,,,
Value,Count,Percent,,,,,,,,,,,
Very important,17,7.80%,,,,,,,,,,,
Important,30,13.80%,,,,,,,,,,,
Somewhat important,71,32.60%,,,,,,,,,,,
Not at all important,100,45.90%,,,,,,,,,,,
,,,,,,,,,,,,,
,,,,,,,,,,,,,
,,,,,,,,,,,,,
,,,,,,,,,,,,,
,,,,,,,,,,,,,
53. How often do you view webcasts when you are considering buying a new product or service for your business? (select one),,,,,,,,,,,,,
Value,Count,Percent,,,,,,,,,,,
Always,10,4.50%,,,,,,,,,,,
Most of the time,23,10.40%,,,,,,,,,,,
Sometimes,63,28.50%,,,,,,,,,,,
Rarely,62,28.10%,,,,,,,,,,,
Never,63,28.50%,,,,,,,,,,,
,,,,,,,,,,,,,
,,,,,,,,,,,,,
,,,,,,,,,,,,,
,,,,,,,,,,,,,
,,,,,,,,,,,,,
"54. On a scale of 1 (not at all important) to 5 (very important), how important are webcasts when you are considering a product or service from vendors in each of these categories:",,,,,,,,,,,,,
,1 (not at all important),,2,,3,,4,,5 (very important),,Responses,,
,%,#,%,#,%,#,%,#,%,#,#,,
"Banks (e.g., checking accounts, loans, online payments)",50.50%,110,17.40%,38,20.20%,44,6.40%,14,5.50%,12,218,,
"Business travel: airlines, hotels, rental cars etc.",53.40%,117,11.00%,24,17.80%,39,10.00%,22,7.80%,17,219,,
Cellphone / smartphone; cellphone service,50.20%,111,13.10%,29,18.60%,41,12.20%,27,5.90%,13,221,,
Credit cards,54.30%,119,13.70%,30,20.10%,44,7.30%,16,4.60%,10,219,,
Employee recruiting services / temp agencies,57.10%,125,12.30%,27,18.30%,40,7.80%,17,4.60%,10,219,,
"Insurance companies (e.g., business insurance; employee life and health insurance)",50.00%,110,13.20%,29,22.30%,49,8.60%,19,5.90%,13,220,,
Internet access providers / website hosts,47.00%,103,12.30%,27,22.40%,49,10.50%,23,7.80%,17,219,,
Local technology solution providers,45.40%,98,13.90%,30,21.80%,47,12.50%,27,6.50%,14,216,,
"Marketing services (e.g., online advertising, email / social media marketing)",45.70%,101,13.60%,30,24.40%,54,12.20%,27,4.10%,9,221,,
Office supply stores / print centers,51.60%,114,15.80%,35,18.10%,40,8.10%,18,6.30%,14,221,,
Overnight package delivery companies,54.10%,119,12.30%,27,21.40%,47,5.90%,13,6.40%,14,220,,
Payroll service providers,56.40%,124,13.20%,29,21.40%,47,4.50%,10,4.50%,10,220,,
"Phone (i.e., non-cellphone) company/ies",51.60%,113,14.20%,31,21.00%,46,7.80%,17,5.50%,12,219,,
Retirement plan providers,53.50%,116,12.40%,27,17.10%,37,10.10%,22,6.90%,15,217,,
"Social media companies (e.g., Facebook, Google+, LinkedIn, Twitter)",63.90%,140,11.40%,25,16.00%,35,5.50%,12,3.20%,7,219,,
Software companies,43.80%,95,14.30%,31,24.90%,54,7.80%,17,9.20%,20,217,,
"Technology hardware (i.e., PCs, printers, servers) manufacturers",41.10%,90,13.20%,29,25.10%,55,11.00%,24,9.60%,21,219,,
,,,,,,,,,,,,,
,,,,,,,,,,,,,
,,,,,,,,,,,,,
,,,,,,,,,,,,,
"55. On a scale of 1 (do not like) to 5 (like very much), please rate how much you like each of these ways to learn about webcasts.",,,,,,,,,,,,,
,1 (do not like),,2,,3,,4,,5 (like very much),,Responses,,
,%,#,%,#,%,#,%,#,%,#,#,,
Find online via search,22.50%,50,11.70%,26,25.20%,56,21.60%,48,18.90%,42,222,,
On third-party sites or newsletters,31.90%,69,19.00%,41,29.60%,64,14.40%,31,5.10%,11,216,,
On vendor’s Facebook page,62.10%,136,12.80%,28,17.80%,39,4.10%,9,3.20%,7,219,,
On vendor’s Google page,61.50%,136,14.50%,32,18.60%,41,2.70%,6,2.70%,6,221,,
On vendor’s LinkedIn page or group,62.00%,137,12.70%,28,17.20%,38,4.50%,10,3.60%,8,221,,
On vendor’s Twitter feed,69.40%,154,11.70%,26,14.90%,33,1.80%,4,2.30%,5,222,,
On vendor’s website,28.10%,62,9.50%,21,24.90%,55,22.60%,50,14.90%,33,221,,
On vendor’s YouTube channel,48.90%,108,14.50%,32,22.60%,50,9.00%,20,5.00%,11,221,,
Via email from vendor,27.10%,60,14.00%,31,30.30%,67,15.80%,35,12.70%,28,221,,
Via text message from vendor,57.30%,126,13.20%,29,20.00%,44,5.90%,13,3.60%,8,220,,
,,,,,,,,,,,,,
,,,,,,,,,,,,,
,,,,,,,,,,,,,
,,,,,,,,,,,,,
56. What is the best length for a webcast? (select one),,,,,,,,,,,,,
Value,Count,Percent,,,,,,,,,,,
No more than 15 minutes,168,76.00%,,,,,,,,,,,
15 to 30 minutes,47,21.30%,,,,,,,,,,,
30 to 45 minutes,4,1.80%,,,,,,,,,,,
45 minutes to an hour,2,0.90%,,,,,,,,,,,
,,,,,,,,,,,,,
Statistics,,,,,,,,,,,,,
Sum,915,,,,,,,,,,,,
Average,17.3,,,,,,,,,,,,
StdDev,6.8,,,,,,,,,,,,
Max,45,,,,,,,,,,,,
,,,,,,,,,,,,,
,,,,,,,,,,,,,
,,,,,,,,,,,,,
,,,,,,,,,,,,,
"57. On a scale of 1 (not at all important) to 5 (very important), please rate how important each of these aspects of a webcast is to you.",,,,,,,,,,,,,
,1 (not at all important),,2,,3,,4,,5 (very important),,Responses,,
,%,#,%,#,%,#,%,#,%,#,#,,
It features a company with the same kind of challenges I am facing,20.40%,45,5.00%,11,22.20%,49,32.60%,72,19.90%,44,221,,
It features an expert third-party presenter,22.10%,49,7.70%,17,33.30%,74,22.10%,49,14.90%,33,222,,
It features a senior executive from the sponsoring company,28.20%,62,16.40%,36,29.50%,65,17.70%,39,8.20%,18,220,,
It features a company in my industry,18.70%,41,11.90%,26,23.70%,52,22.40%,49,23.30%,51,219,,
It focuses on a product or service I am interested in,17.30%,38,3.60%,8,17.30%,38,25.00%,55,36.80%,81,220,,
"It focused on a business challenge I am facing, such as increasing sales or managing IT",19.90%,44,5.40%,12,24.90%,55,27.60%,61,22.20%,49,221,,
It is non-promotional,17.30%,38,10.00%,22,29.50%,65,24.10%,53,19.10%,42,220,,
It is rated highly by previous viewers,21.70%,48,14.50%,32,29.40%,65,19.50%,43,14.90%,33,221,,
It is recommended by a peer / colleague,18.90%,41,6.50%,14,21.70%,47,30.40%,66,22.60%,49,217,,
,,,,,,,,,,,,,
,,,,,,,,,,,,,
,,,,,,,,,,,,,
,,,,,,,,,,,,,
"58. On a scale of 1 (strongly disagree) to 5 (strongly agree), please rate each of these statements about buying technology solutions, such as hardware or software.",,,,,,,,,,,,,
,1 (strongly disagree),,2,,3,,4,,5 (strongly agree),,Responses,,
,%,#,%,#,%,#,%,#,%,#,#,,
"I prefer to buy directly from a technology vendor, as opposed to a distributor or reseller (such as a technology consultant)",8.10%,18,9.00%,20,35.70%,79,24.00%,53,23.10%,51,221,,
"I am more likely to respond to a call, email or mailing from a technology vendor than from a distributor or reseller",14.50%,32,10.40%,23,36.20%,80,22.20%,49,16.70%,37,221,,
Buying from a distributor or reseller makes the sales process take longer,12.70%,28,14.90%,33,43.90%,97,19.90%,44,8.60%,19,221,,
Buying from a distributor or reseller increases the total solution cost,9.50%,21,9.90%,22,35.60%,79,27.50%,61,17.60%,39,222,,
Buying from a distributor or reseller gets me a solution that is better tailored to my needs than I would get if I bought directly from a vendor,10.80%,24,17.60%,39,47.70%,106,18.00%,40,5.90%,13,222,,
Buying from a distributor or reseller negatively affects my perception of the vendor’s brand,26.00%,58,25.60%,57,35.00%,78,9.00%,20,4.50%,10,223,,
"There are technology solutions, such as cloud-based applications, that I would prefer to buy directly from a vendor",14.50%,32,9.50%,21,39.50%,87,24.10%,53,12.30%,27,220,,
,,,,,,,,,,,,,
,,,,,,,,,,,,,
,,,,,,,,,,,,,
,,,,,,,,,,,,,
"59. Please indicate which technology solutions you would prefer to buy directly from a vendor, and which you would prefer to buy from a distributor or reseller.",,,,,,,,,,,,,
,From vendor,,From a reseller,,Responses,,,,,,,,
,%,#,%,#,#,,,,,,,,
Cloud-based applications / services,88.80%,191,11.20%,24,215,,,,,,,,
"Networking equipment (e.g., switches, hubs)",71.60%,154,28.40%,61,215,,,,,,,,
Phone systems,75.60%,164,24.40%,53,217,,,,,,,,
PCs / laptops / workstations,71.20%,156,28.80%,63,219,,,,,,,,
Printers,65.30%,141,34.70%,75,216,,,,,,,,
Security solutions,83.90%,183,16.10%,35,218,,,,,,,,
Servers / storage,80.90%,174,19.10%,41,215,,,,,,,,
Tablets,65.00%,139,35.00%,75,214,,,,,,,,
,,,,,,,,,,,,,
,,,,,,,,,,,,,
,,,,,,,,,,,,,
,,,,,,,,,,,,,
"61. On a scale of 1 (very unfavorable) to 5 (very favorable), how do you feel about each of these brands?",,,,,,,,,,,,,
,1 (very unfavorable),,2,,3 (neither favorable nor unfavorable),,4,,5 (very favorable),,Don’t know / no opinon,,Responses
,%,#,%,#,%,#,%,#,%,#,%,#,#
American Express OPEN,11.70%,26,7.20%,16,28.30%,63,15.70%,35,18.40%,41,18.80%,42,223
Apple,9.40%,21,6.70%,15,17.90%,40,27.40%,61,33.60%,75,4.90%,11,223
AT&T,13.10%,29,10.40%,23,32.00%,71,21.20%,47,19.40%,43,4.10%,9,222
Bank of America,29.90%,66,15.80%,35,25.80%,57,11.80%,26,10.90%,24,5.90%,13,221
Cablevision,15.80%,35,15.80%,35,34.40%,76,6.80%,15,6.30%,14,20.80%,46,221
Capital One,13.90%,31,12.60%,28,36.80%,82,16.10%,36,13.90%,31,6.70%,15,223
CenturyLink,7.60%,17,8.90%,20,41.50%,93,10.70%,24,2.70%,6,28.60%,64,224
Charles Schwab,5.90%,13,7.20%,16,37.80%,84,21.20%,47,11.70%,26,16.20%,36,222
Charter Communications,10.30%,23,7.60%,17,41.50%,93,8.00%,18,2.70%,6,29.90%,67,224
Chase Bank,11.70%,26,11.20%,25,27.80%,62,22.00%,49,20.20%,45,7.20%,16,223
Cisco,5.50%,12,2.70%,6,35.20%,77,24.20%,53,12.30%,27,20.10%,44,219
Citibank,12.20%,27,14.90%,33,31.50%,70,20.70%,46,10.80%,24,9.90%,22,222
Comcast,17.00%,38,12.60%,28,35.90%,80,15.20%,34,7.60%,17,11.70%,26,223
Cox,11.30%,25,12.20%,27,44.10%,98,5.40%,12,3.20%,7,23.90%,53,222
Dell,9.40%,21,9.00%,20,27.40%,61,26.00%,58,22.00%,49,6.30%,14,223
Facebook,17.50%,39,16.10%,36,27.80%,62,21.10%,47,12.10%,27,5.40%,12,223
FedEx,3.60%,8,3.60%,8,25.10%,56,35.00%,78,30.00%,67,2.70%,6,223
Fidelity Investments,6.70%,15,5.40%,12,35.00%,78,17.50%,39,16.60%,37,18.80%,42,223
Google,6.80%,15,6.80%,15,22.10%,49,28.40%,63,29.70%,66,6.30%,14,222
HP,5.40%,12,4.90%,11,23.70%,53,25.90%,58,33.00%,74,7.10%,16,224
IBM,4.50%,10,3.60%,8,33.50%,74,28.50%,63,21.30%,47,8.60%,19,221
Intuit,4.50%,10,6.30%,14,30.30%,67,23.50%,52,20.40%,45,14.90%,33,221
Lenovo,5.40%,12,5.80%,13,39.00%,87,15.70%,35,12.60%,28,21.50%,48,223
LinkedIn,11.70%,26,11.30%,25,37.40%,83,15.80%,35,12.60%,28,11.30%,25,222
Microsoft,5.00%,11,6.30%,14,21.20%,47,34.20%,76,29.70%,66,3.60%,8,222
Office Depot,3.20%,7,4.50%,10,37.30%,82,30.00%,66,20.50%,45,4.50%,10,220
OfficeMax,5.40%,12,5.40%,12,39.80%,88,27.10%,60,17.60%,39,4.50%,10,221
Oracle,5.10%,11,3.70%,8,36.90%,80,24.00%,52,10.60%,23,19.80%,43,217
Salesforce.com,9.50%,21,8.20%,18,35.00%,77,4.10%,9,4.10%,9,39.10%,86,220
Sam’s Club,11.70%,26,13.50%,30,30.50%,68,17.50%,39,16.10%,36,10.80%,24,223
Sony,3.10%,7,4.50%,10,28.30%,63,32.30%,72,28.30%,63,3.60%,8,223
Sprint,9.00%,20,11.30%,25,42.50%,94,18.60%,41,9.50%,21,9.00%,20,221
Staples,4.00%,9,4.00%,9,38.80%,87,25.40%,57,22.30%,50,5.40%,12,224
Symantec,5.90%,13,9.10%,20,35.50%,78,15.90%,35,13.20%,29,20.50%,45,220
Twitter,25.80%,57,17.60%,39,29.40%,65,10.40%,23,5.40%,12,11.30%,25,221
UPS,3.20%,7,2.30%,5,26.20%,58,36.70%,81,28.10%,62,3.60%,8,221
U.S. Bank,8.10%,18,7.20%,16,42.50%,94,12.70%,28,9.00%,20,20.40%,45,221
Verizon,8.50%,19,9.00%,20,30.50%,68,24.20%,54,21.50%,48,6.30%,14,223
Wells Fargo,15.80%,35,6.80%,15,31.70%,70,16.70%,37,18.10%,40,10.90%,24,221
,,,,,,,,,,,,,
,,,,,,,,,,,,,
,,,,,,,,,,,,,
,,,,,,,,,,,,,
 URL Variable: q,,,,,,,,,,,,,
,,,,,,,,,,,,,
,,,,,,,,,,,,,
,,,,,,,,,,,,,
,,,,,,,,,,,,,
 URL Variable: sid,,,,,,,,,,,,,
,,,,,,,,,,,,,
,,,,,,,,,,,,,
Count,Response,,,,,,,,,,,,
1,000T393387932PI3QDP1,,,,,,,,,,,,
1,041J393328231C6GOTUC,,,,,,,,,,,,
1,061V393403218YCH4LCV,,,,,,,,,,,,
1,088N393381713Q95KYCE,,,,,,,,,,,,
1,0VHJ393225699RWFBJ68,,,,,,,,,,,,
1,0W71393402226PIIHAA9,,,,,,,,,,,,
1,0W8V393341891ZIF0ZJU,,,,,,,,,,,,
1,0Z5R393356841LMJVS2U,,,,,,,,,,,,
1,16A7393405298P4QAMML,,,,,,,,,,,,
1,18AE393409409J2Y6RFW,,,,,,,,,,,,
1,1A84393379375WFTOA37,,,,,,,,,,,,
1,1GR6393325938XPGGJPR,,,,,,,,,,,,
1,1LGS393305695JNQUO3B,,,,,,,,,,,,
1,1LV2393254504AZF5E5S,,,,,,,,,,,,
1,1P3S393273176SAUM79Y,,,,,,,,,,,,
1,2G4M393280773T8DLRL9,,,,,,,,,,,,
1,2G5X393320857G4D84SF,,,,,,,,,,,,
1,2Q99393284482U0ZZF96,,,,,,,,,,,,
1,2QIT393264408EMTO0HH,,,,,,,,,,,,
1,2WJB393326533QG0K1NO,,,,,,,,,,,,
1,2YX1393374544Z5RNDMG,,,,,,,,,,,,
1,2ZUS393338110FK2D58S,,,,,,,,,,,,
1,3DLP393299253LR0P6FL,,,,,,,,,,,,
1,3NVH393335732D10VWIU,,,,,,,,,,,,
1,3V05393244148HNGFJBO,,,,,,,,,,,,
1,4258393315894IWWUJTF,,,,,,,,,,,,
1,4A1V393254418VBSEHKJ,,,,,,,,,,,,
1,4M8Q393325300YWSRBLY,,,,,,,,,,,,
1,4OWF393324701FJ4ETFT,,,,,,,,,,,,
1,4U0S393288504NZ9Y9SN,,,,,,,,,,,,
1,4YKL392508689YDKIJ6T,,,,,,,,,,,,
1,59Q2393310017ZUAVANV,,,,,,,,,,,,
1,5AGG393210593JI4U4ZG,,,,,,,,,,,,
1,5ERX393393820QFM7GO1,,,,,,,,,,,,
1,5G7Y393398850IAUYB4Y,,,,,,,,,,,,
1,68WF393341749TQ5XXR7,,,,,,,,,,,,
1,698V393310367IRHTJL6,,,,,,,,,,,,
1,6GN7393298451W4MACPM,,,,,,,,,,,,
1,6LJG393339438LU2SI1S,,,,,,,,,,,,
1,6NNN393271481DRKTL3J,,,,,,,,,,,,
1,6RMX393307421LNYKIM7,,,,,,,,,,,,
1,72J0392536461SEF2H1U,,,,,,,,,,,,
1,74MQ393367207XJ46J1E,,,,,,,,,,,,
1,78OT393287895L0DWTNB,,,,,,,,,,,,
1,7E9K393283254VIPNUHA,,,,,,,,,,,,
1,7IUL393273741NZJEDJA,,,,,,,,,,,,
1,7N0R393211332D4I3LZK,,,,,,,,,,,,
1,7SUX393279832I2ED94D,,,,,,,,,,,,
1,7XHK393283955PD6XJLM,,,,,,,,,,,,
1,829E393331496GP4Q3FZ,,,,,,,,,,,,
1,83ML393278165N35CEZO,,,,,,,,,,,,
1,8D3T392514890TNE67D9,,,,,,,,,,,,
1,8DCV393258426QYSFL5S,,,,,,,,,,,,
1,8GNH393210398H649HF3,,,,,,,,,,,,
1,8IM8392530850Y6ACWR4,,,,,,,,,,,,
1,8JFQ393357952GZIBAHO,,,,,,,,,,,,
1,8L3V393408632SUTT89O,,,,,,,,,,,,
1,8S2K393265128B9TN9WX,,,,,,,,,,,,
1,8VJK393319873V4VREUW,,,,,,,,,,,,
1,8X3W392522326M4PPF4Q,,,,,,,,,,,,
1,98O3393283951EKDMRU0,,,,,,,,,,,,
1,9HTO393213050FYIK4BY,,,,,,,,,,,,
1,9IB1393369448DDEFS96,,,,,,,,,,,,
1,9JR1392501304QNTR24D,,,,,,,,,,,,
1,9KG8393308510Z6EOJ0O,,,,,,,,,,,,
1,9TTV393342210GNO2M7V,,,,,,,,,,,,
1,A2VG392520805LHKV0CY,,,,,,,,,,,,
1,A5AN393342456Q758C52,,,,,,,,,,,,
1,A5D4393283087MBRVV6S,,,,,,,,,,,,
1,A6L3393232751LZWTRU9,,,,,,,,,,,,
1,ALDQ393237487V6WRAP0,,,,,,,,,,,,
1,AQ5E392500765ZKJLYVH,,,,,,,,,,,,
1,AXHF392532302YXTNNBR,,,,,,,,,,,,
1,BAN4393368077MBJS2LL,,,,,,,,,,,,
1,BBZQ393321340HMV7CP4,,,,,,,,,,,,
1,BNKJ393283772RAU0AW0,,,,,,,,,,,,
1,BRBU393399715RAMI4DP,,,,,,,,,,,,
1,BUAO393370993SZ6UC7X,,,,,,,,,,,,
1,BVER393380513R9RDD5I,,,,,,,,,,,,
1,BWUN393356769Y825OIL,,,,,,,,,,,,
1,C2C3393253697S7RZL2B,,,,,,,,,,,,
1,C2VZ393365308I1W98W0,,,,,,,,,,,,
1,CA4R392505861VUZMOMK,,,,,,,,,,,,
1,CYZB393355643HWBVPO7,,,,,,,,,,,,
1,CZLG393218345AN3YXOL,,,,,,,,,,,,
1,D2CM393219502PTYGL3D,,,,,,,,,,,,
1,D3S1393265563MTFD0Z3,,,,,,,,,,,,
1,DPUK392526247H0W34Q8,,,,,,,,,,,,
1,E48X393356547UJK4F3K,,,,,,,,,,,,
1,ECLY393211600JNL3G8Z,,,,,,,,,,,,
1,EDFZ392536409W1EC73Y,,,,,,,,,,,,
1,EPJ8392519619E2XRYOK,,,,,,,,,,,,
1,EV87393322955I0KAL3T,,,,,,,,,,,,
1,EVPW393283096MQALMLL,,,,,,,,,,,,
1,EWDD393334060YT52DSD,,,,,,,,,,,,
1,EZPE393315460TON8Y9K,,,,,,,,,,,,
1,F2SD393334512H8JIPE5,,,,,,,,,,,,
1,F53O393267108IO0BOLE,,,,,,,,,,,,
1,FCSP393291839TM70XVX,,,,,,,,,,,,
1,FHPA393249204Q4X0UUA,,,,,,,,,,,,
1,FIVW393361566WKFKSLU,,,,,,,,,,,,
1,FT2G393347054FXPKSR6,,,,,,,,,,,,
1,FZJH393398412SXH0KF9,,,,,,,,,,,,
1,G04L393336257ZY1BA7D,,,,,,,,,,,,
1,G0BV393274309D0I332Z,,,,,,,,,,,,
1,G46S392519574DSEGSG7,,,,,,,,,,,,
1,G7F1393303501Q7KRSIN,,,,,,,,,,,,
1,GA4H393403203IP6EW6U,,,,,,,,,,,,
1,GCFB393319514ORCX5O2,,,,,,,,,,,,
1,GDLL393381511E3WVBLW,,,,,,,,,,,,
1,GDOX393407231MJRNUH2,,,,,,,,,,,,
1,GHLZ393407753GBDIO8L,,,,,,,,,,,,
1,H4SE393333899ITUZATI,,,,,,,,,,,,
1,H5N5393282596L56YJAK,,,,,,,,,,,,
1,H9UN392516638ADEWNQ5,,,,,,,,,,,,
1,HJSG393222256SMZ5EW8,,,,,,,,,,,,
1,HNLG393302527ZBOOAH3,,,,,,,,,,,,
1,HRKV393348522UBI6D5N,,,,,,,,,,,,
1,HV8F393394378IH8KC29,,,,,,,,,,,,
1,I3SM392541716RBODBPZ,,,,,,,,,,,,
1,I5IN393319644R4ANRKX,,,,,,,,,,,,
1,IA95393311263UMUL8KK,,,,,,,,,,,,
1,ICF5393337968N8VNLEX,,,,,,,,,,,,
1,IFG0393391595O5VVQMA,,,,,,,,,,,,
1,JARZ393269369B6JYLAO,,,,,,,,,,,,
1,JIBK393328234CCRUJ1S,,,,,,,,,,,,
1,JO29393322615FV8CBFA,,,,,,,,,,,,
1,JPW4393395156HXLMTMW,,,,,,,,,,,,
1,JS9F393320471AT2ADX5,,,,,,,,,,,,
1,JX9Z393267643FRZVPYY,,,,,,,,,,,,
1,JZZW393236058FHOD3AP,,,,,,,,,,,,
1,K0AZ393379507A66MY51,,,,,,,,,,,,
1,K2ZI393284488HCH7WOS,,,,,,,,,,,,
1,K8CG392513607M10O4XF,,,,,,,,,,,,
1,KUDS393309046P5YUJSS,,,,,,,,,,,,
1,L9ZT392511587NE5X1UC,,,,,,,,,,,,
1,LBE2393210818Q5Q3UZ4,,,,,,,,,,,,
1,LF8B393294004G8Z4ZVI,,,,,,,,,,,,
1,LIPI393360469C6NWKW1,,,,,,,,,,,,
1,LL7C393321450ARTCR0K,,,,,,,,,,,,
1,M9AC393326958K3RX382,,,,,,,,,,,,
1,MAUZ393280324PLQUDLL,,,,,,,,,,,,
1,MAY7393291560NDPHT9W,,,,,,,,,,,,
1,MMB1393313366BSWPQFT,,,,,,,,,,,,
1,MNUX392523520KYVNDB0,,,,,,,,,,,,
1,MOCL393309464C5UU4DL,,,,,,,,,,,,
1,MQ9K393346571W12LM7K,,,,,,,,,,,,
1,MUJJ393370666XDBAYMK,,,,,,,,,,,,
1,N2E1393312475CJGSD2H,,,,,,,,,,,,
1,N9SI393369413JLPSZE4,,,,,,,,,,,,
1,NFHZ393355359LKA9MBY,,,,,,,,,,,,
1,NG5B393217003L2CZC4M,,,,,,,,,,,,
1,OE61392530391UIQHV9Z,,,,,,,,,,,,
1,OJI7393293946D13XBIV,,,,,,,,,,,,
1,ON1X393336997KWCPPWR,,,,,,,,,,,,
1,OOMX393250556T8P6VN8,,,,,,,,,,,,
1,OREW393286691ATHDDWU,,,,,,,,,,,,
1,P6JB393367066ZSTIKOF,,,,,,,,,,,,
1,PNVH393381936WEKD4IA,,,,,,,,,,,,
1,Q1CJ393311802N96HYFL,,,,,,,,,,,,
1,Q4EG393235445FXYDJTQ,,,,,,,,,,,,
1,Q4KH393306234BV3Z3VA,,,,,,,,,,,,
1,Q621393215213VJ50H0S,,,,,,,,,,,,
1,QDRY392529694ZJ0Q4K6,,,,,,,,,,,,
1,QE0I393361972A9IFTYR,,,,,,,,,,,,
1,QJP8393311102ZALVZF1,,,,,,,,,,,,
1,QPRX393235670H9HBGLB,,,,,,,,,,,,
1,R56E393384014IW4BQNG,,,,,,,,,,,,
1,R5HL393371094GOC75EY,,,,,,,,,,,,
1,R9O1393280581MCPRFON,,,,,,,,,,,,
1,RPIB393255880R6S7W2E,,,,,,,,,,,,
1,RSXS393278919R0Z13RO,,,,,,,,,,,,
1,RU4N393303968F68LEJL,,,,,,,,,,,,
1,RUIJ393300999HQ72V8A,,,,,,,,,,,,
1,RUTB393233503H913RPM,,,,,,,,,,,,
1,RW5F393326115P8VJ0HZ,,,,,,,,,,,,
1,SAP4393396654SO97SV8,,,,,,,,,,,,
1,SEKP393290398E0NFK5X,,,,,,,,,,,,
1,SF6M393290239LOUPBG9,,,,,,,,,,,,
1,SFIR393280329NBS64Q4,,,,,,,,,,,,
1,SMHU393326166S842DV1,,,,,,,,,,,,
1,T0PC392521570B6FPZ2M,,,,,,,,,,,,
1,T8XD393358705OT7L6FC,,,,,,,,,,,,
1,TBAJ393276136CAB9MI8,,,,,,,,,,,,
1,TDX4393269229QYIRBAJ,,,,,,,,,,,,
1,TFJA393300980T5O46B5,,,,,,,,,,,,
1,TINR393237611UBK3RXN,,,,,,,,,,,,
1,TS9Z393298292Z0UYH0S,,,,,,,,,,,,
1,TWYO392514089PG9938J,,,,,,,,,,,,
1,TXO4392522398RB3PEKQ,,,,,,,,,,,,
1,U26Y393321556FFIVWQJ,,,,,,,,,,,,
1,UAL3393234152R1F9IR7,,,,,,,,,,,,
1,UQSK393317735RVL9NU2,,,,,,,,,,,,
1,UXX8393272407X9457CF,,,,,,,,,,,,
1,V42B393334815XL1CU7G,,,,,,,,,,,,
1,VW4G393283806YGW6W3H,,,,,,,,,,,,
1,W15T393290312H5FL7Y4,,,,,,,,,,,,
1,WFTU392506868T4BNMFC,,,,,,,,,,,,
1,WSIL393322338NUD88XV,,,,,,,,,,,,
1,WTYR393367068VBL6YTY,,,,,,,,,,,,
1,WU1O392507097B6KOPND,,,,,,,,,,,,
1,WV5M392524116MPHJVS5,,,,,,,,,,,,
1,WWOE393370828IYI5KJD,,,,,,,,,,,,
1,X18B393386314PG1V7Q5,,,,,,,,,,,,
1,X2KB393301253UYFE6II,,,,,,,,,,,,
1,XHVW393333302ZM2G9D4,,,,,,,,,,,,
1,XNA7393283571LNGPTDR,,,,,,,,,,,,
1,XNFF393360650PQ95IL5,,,,,,,,,,,,
1,XT5S393230905HA3FIMP,,,,,,,,,,,,
1,XTQQ392507003YNGVW0D,,,,,,,,,,,,
1,Y36W393371314SKWHS2K,,,,,,,,,,,,
1,Y5HK393369426YYG9ZPK,,,,,,,,,,,,
1,Y7P2393383225XQOO3MJ,,,,,,,,,,,,
1,Y8RK393310780V2CXHAL,,,,,,,,,,,,
1,YHWF393245131HZKOF59,,,,,,,,,,,,
1,YIJG393387329V8W1ZJS,,,,,,,,,,,,
1,YIOY393285403T2XCOVM,,,,,,,,,,,,
1,YITX393373845HDI5IWL,,,,,,,,,,,,
1,YJ3H393299916AJHNQ5R,,,,,,,,,,,,
1,YPOO393234001SLGTNQ5,,,,,,,,,,,,
1,Z2JW392501191U600YKE,,,,,,,,,,,,
1,Z9U3393346172XH9MOLP,,,,,,,,,,,,
1,ZBZD393288435HF45QG6,,,,,,,,,,,,
1,ZLXJ393318597KF4Y23Q,,,,,,,,,,,,
1,ZOMQ393373018EJZHUB5,,,,,,,,,,,,
1,ZSB8393364180G8LNWU5,,,,,,,,,,,,
,,,,,,,,,,,,,
,,,,,,,,,,,,,
,,,,,,,,,,,,,
 URL Variable: slanguage,,,,,,,,,,,,,
